{
	"folders": {},
	"connections": {
		"postgres-jdbc-170ad00e211-1d7e02a5fe908684": {
			"provider": "postgresql",
			"driver": "postgres-jdbc",
			"name": "PostgreSQL - postgres",
			"save-password": true,
			"read-only": false,
			"configuration": {
				"host": "localhost",
				"port": "5432",
				"database": "postgres",
				"url": "jdbc:postgresql://localhost:5432/postgres",
				"home": "postgresql-x64-12",
				"type": "dev",
				"provider-properties": {
					"@dbeaver-show-non-default-db@": "false",
					"@dbeaver-show-template-db@": "false",
					"postgresql.dd.plain.string": "false",
					"postgresql.dd.tag.string": "false"
				}
			}
		},
		"postgres-jdbc-170ad014f7d-2f7a8d69f3eae87e": {
			"provider": "postgresql",
			"driver": "postgres-jdbc",
			"name": "PostgreSQL - postgres 2",
			"save-password": true,
			"read-only": false,
			"configuration": {
				"host": "localhost",
				"port": "5432",
				"database": "postgres",
				"url": "jdbc:postgresql://localhost:5432/postgres",
				"home": "postgresql-x64-12",
				"type": "dev",
				"provider-properties": {
					"@dbeaver-show-non-default-db@": "false",
					"@dbeaver-show-template-db@": "false",
					"postgresql.dd.plain.string": "false",
					"postgresql.dd.tag.string": "false"
				}
			}
		},
		"postgres-jdbc-170fb71f5f0-6822b183c070d84": {
			"provider": "postgresql",
			"driver": "postgres-jdbc",
			"name": "PostgreSQL - postgres 3",
			"save-password": true,
			"read-only": false,
			"configuration": {
				"host": "localhost",
				"port": "5432",
				"database": "postgres",
				"url": "jdbc:postgresql://localhost:5432/postgres",
				"home": "postgresql-x64-12",
				"type": "dev",
				"provider-properties": {
					"@dbeaver-show-non-default-db@": "false",
					"@dbeaver-show-template-db@": "false",
					"postgresql.dd.plain.string": "false",
					"postgresql.dd.tag.string": "false"
				}
			}
		},
		"postgres-jdbc-170fb945428-5375271f4162fc7e": {
			"provider": "postgresql",
			"driver": "postgres-jdbc",
			"name": "PostgreSQL - postgres 4",
			"save-password": true,
			"read-only": false,
			"configuration": {
				"host": "localhost",
				"port": "5432",
				"database": "postgres",
				"url": "jdbc:postgresql://localhost:5432/postgres",
				"home": "postgresql-x64-12",
				"type": "dev",
				"provider-properties": {
					"@dbeaver-show-non-default-db@": "false",
					"@dbeaver-show-template-db@": "false",
					"postgresql.dd.plain.string": "false",
					"postgresql.dd.tag.string": "false"
				},
				"handlers": {}
			}
		},
		"postgres-jdbc-170fb9c7eae-c8391078a56f95b": {
			"provider": "postgresql",
			"driver": "postgres-jdbc",
			"name": "PostgreSQL - postgres 5",
			"save-password": true,
			"read-only": false,
			"configuration": {
				"host": "localhost",
				"port": "5432",
				"database": "postgres",
				"url": "jdbc:postgresql://localhost:5432/postgres",
				"home": "postgresql-x64-12",
				"type": "dev",
				"provider-properties": {
					"@dbeaver-show-non-default-db@": "false",
					"@dbeaver-show-template-db@": "false",
					"postgresql.dd.plain.string": "false",
					"postgresql.dd.tag.string": "false"
				},
				"handlers": {}
			}
		}
	},
	"connection-types": {
		"dev": {
			"name": "Development",
			"color": "255,255,255",
			"description": "Regular development database",
			"auto-commit": true,
			"confirm-execute": false,
			"confirm-data-change": false
		}
	}
}